{
    "eodprice": [
        {
            "tsMarketPriceId": 856858,
            "tsMarketId": 114650,
            "tradeDate": 20150612,
            "source": "OneTick",
            "branchId": "0001",
            "bid": null,
            "ask": null,
            "askBidMid": null,
            "high": 8703.000000,
            "low": 8616.000000,
            "open": 8650.000000,
            "close": 8703.000000,
            "volume": 3430500,
            "last": null,
            "lastSize": null,
            "vwap": null
        },
        {
            "tsMarketPriceId": 8568585,
            "tsMarketId": 114650,
            "tradeDate": 20150612,
            "source": "OneTick",
            "branchId": "0001",
            "bid": null,
            "ask": null,
            "askBidMid": null,
            "high": 8703.000000,
            "low": 8616.000000,
            "open": 8650.000000,
            "close": 8703.000000,
            "volume": 3430500,
            "last": null,
            "lastSize": null,
            "vwap": null
        },
        {
            "tsMarketPriceId": 8568585,
            "tsMarketId": 114650,
            "tradeDate": 20150612,
            "source": "OneTick",
            "branchId": "0001",
            "bid": null,
            "ask": null,
            "askBidMid": null,
            "high": 8703.000000,
            "low": 8616.000000,
            "open": 8650.000000,
            "close": 8703.000000,
            "volume": 3430500,
            "last": null,
            "lastSize": null,
            "vwap": null
        }
    ]
}